source_url,question_title,link
https://www.gotquestions.org/Korean/Korean-FAQ.html,한번 받은 구원은 영원한가?,https://www.gotquestions.org/Korean/Korean-once-saved-always.html
https://www.gotquestions.org/Korean/Korean-FAQ.html,구원의 영원한 보증은 성경적인가?,https://www.gotquestions.org/Korean/Korean-eternal-security.html
https://www.gotquestions.org/Korean/Korean-FAQ.html,죽은 뒤에는 무슨 일이 일어나는가?,https://www.gotquestions.org/Korean/Korean-after-death.html
https://www.gotquestions.org/Korean/Korean-FAQ.html,자살에 관한 기독교의 관점은 무엇인가?,https://www.gotquestions.org/Korean/Korean-suicide-Bible.html
https://www.gotquestions.org/Korean/Korean-FAQ.html,삼위일체에 관하여 성경은 어떻게 가르치는가?,https://www.gotquestions.org/Korean/Korean-Trinity.html
https://www.gotquestions.org/Korean/Korean-FAQ.html,세례(침례)의 중요성은 무엇인가?,https://www.gotquestions.org/Korean/Korean-baptism.html
https://www.gotquestions.org/Korean/Korean-FAQ.html,여성도 목사가 되거나 설교를 할 수 있는가?,https://www.gotquestions.org/Korean/Korean-women-ministry.html
https://www.gotquestions.org/Korean/Korean-FAQ.html,성경은 십일조에 관하여 무엇을 말하는가?,https://www.gotquestions.org/Korean/Korean-tithing.html
https://www.gotquestions.org/Korean/Korean-FAQ.html,이혼과 재혼에 관하여 성경은 무엇이라고 말하는가?,https://www.gotquestions.org/Korean/Korean-divorce-remarriage.html
https://www.gotquestions.org/Korean/Korean-FAQ.html,방언의 은사란 무엇인가?,https://www.gotquestions.org/Korean/Korean-tongues-speaking.html
https://www.gotquestions.org/Korean/Korean-FAQ.html,타인종간의 결혼에 관하여 성경은 무엇이라 하는가?,https://www.gotquestions.org/Korean/Korean-interracial-marriage.html
https://www.gotquestions.org/Korean/Korean-FAQ.html,성경은 문신 및 피어싱을 어떻게 보는가?,https://www.gotquestions.org/Korean/Korean-tattoos.html
https://www.gotquestions.org/Korean/Korean-FAQ.html,성경은 혼전관계에 대하여 무엇이라고 말하는가?,https://www.gotquestions.org/Korean/Korean-sex-before-marriage.html
https://www.gotquestions.org/Korean/Korean-FAQ.html,성경은 공룡에 대하여 무엇을 말하는가?,https://www.gotquestions.org/Korean/Korean-dinosaurs.html
https://www.gotquestions.org/Korean/Korean-FAQ.html,애완동물도 천국에 가는가?,https://www.gotquestions.org/Korean/Korean-pets-heaven.html
https://www.gotquestions.org/Korean/Korean-FAQ.html,도박은 죄인가? 성경은 도박에 대하여 어떻게 말하고 있는가?,https://www.gotquestions.org/Korean/Korean-gambling.html
https://www.gotquestions.org/Korean/Korean-FAQ.html,성경은 술이나 포도주를 마시는 것을 어떻게 말하고 있는가?,https://www.gotquestions.org/Korean/Korean-alcohol.html
https://www.gotquestions.org/Korean/Korean-FAQ.html,예수님은 무슨 요일에 십자가에 못박혀 돌아가셨나?,https://www.gotquestions.org/Korean/Korean-Jesus-3-days.html
https://www.gotquestions.org/Korean/Korean-FAQ.html,가인의 아내는 누구인가? 가인은 누구와 결혼한 것인가?,https://www.gotquestions.org/Korean/Korean-Cain-wife.html
https://www.gotquestions.org/Korean/Korean-FAQ.html,성경은 동성애를 어떻게 말하는가?,https://www.gotquestions.org/Korean/Korean-homosexuality.html
https://www.gotquestions.org/Korean/Korean-FAQ.html,"자위행위, 성경에 따르면 죄인가?",https://www.gotquestions.org/Korean/Korean-masturbation.html
https://www.gotquestions.org/Korean/Korean-crucial.html,하나님은 존재하는가?,https://www.gotquestions.org/Korean/Korean-Does-God-Exist.html
https://www.gotquestions.org/Korean/Korean-crucial.html,하나님은 실제로 존재하는가?,https://www.gotquestions.org/Korean/Korean-Is-God-Real.html
https://www.gotquestions.org/Korean/Korean-crucial.html,예수님은 하나님이신가?,https://www.gotquestions.org/Korean/Korean-Is-Jesus-God.html
https://www.gotquestions.org/Korean/Korean-crucial.html,예수 그리스도는 누구신가?,https://www.gotquestions.org/Korean/Korean-Jesus-Christ.html
https://www.gotquestions.org/Korean/Korean-crucial.html,그리스도의 신성은 성경적인가?,https://www.gotquestions.org/Korean/Korean-Deity-Christ.html
https://www.gotquestions.org/Korean/Korean-crucial.html,기독교란 무엇이며 기독교인들은 무엇을 믿는가?,https://www.gotquestions.org/Korean/Korean-Christianity.html
https://www.gotquestions.org/Korean/Korean-crucial.html,하나님의 속성은 무엇인가?,https://www.gotquestions.org/Korean/Korean-Attributes-God.html
https://www.gotquestions.org/Korean/Korean-crucial.html,성경은 정말 하나님의 말씀인가?,https://www.gotquestions.org/Korean/Korean-Bible-Word.html
https://www.gotquestions.org/Korean/Korean-crucial.html,삶의 의미는 무엇인가?,https://www.gotquestions.org/Korean/Korean-Meaning-Life.html
https://www.gotquestions.org/Korean/Korean-crucial.html,기독교인은 구약의 율법을 지켜야 하는가?,https://www.gotquestions.org/Korean/Korean-Christian-Law.html
https://www.gotquestions.org/Korean/Korean-crucial.html,구원은 오직 믿음으로 얻어지는가 아니면 믿음에 행위를 더해야 하는가?,https://www.gotquestions.org/Korean/Korean-Faith-Alone.html
https://www.gotquestions.org/Korean/Korean-crucial.html,성령님은 누구신가?,https://www.gotquestions.org/Korean/Korean-Holy-Spirit.html
https://www.gotquestions.org/Korean/Korean-crucial.html,내 삶을 향한 하나님의 뜻을 아는 방법은 무엇인가?,https://www.gotquestions.org/Korean/Korean-God-will.html
https://www.gotquestions.org/Korean/Korean-crucial.html,신앙생활을 하면서 죄를 극복할 수 있는 방법은 무엇인가?,https://www.gotquestions.org/Korean/Korean-victory-sin.html
https://www.gotquestions.org/Korean/Korean-crucial.html,내가 자살하지 말아야 할 이유가 무엇인가?,https://www.gotquestions.org/Korean/Korean-not-suicide.html
https://www.gotquestions.org/Korean/Korean-Q-God.html,하나님은 누가 창조했는가?,https://www.gotquestions.org/Korean/Korean-who-created-God.html
https://www.gotquestions.org/Korean/Korean-Q-God.html,하나님은 오늘날에도 여전히 우리에게 음성을 들려주시는가?,https://www.gotquestions.org/Korean/Korean-God-speak-today.html
https://www.gotquestions.org/Korean/Korean-Q-God.html,하나님은 사랑이시라는 무슨 뜻인가?,https://www.gotquestions.org/Korean/Korean-God-is-love.html
https://www.gotquestions.org/Korean/Korean-Q-God.html,구약의 하나님은 신약의 하나님과 왜 그렇게 다른가?,https://www.gotquestions.org/Korean/Korean-God-different.html
https://www.gotquestions.org/Korean/Korean-Q-God.html,하나님은 악을 창조하셨는가?,https://www.gotquestions.org/Korean/Korean-God-create-evil.html
https://www.gotquestions.org/Korean/Korean-Q-God.html,왜 하나님 은 착한 사람들에게 나쁜 일이 일어나는 것을 허락하시는가?,https://www.gotquestions.org/Korean/Korean-bad-things.html
https://www.gotquestions.org/Korean/Korean-Q-God.html,하나님을 직접 본 사람이 있는가? 하나님을 보고도 살아남는 것이 가능한가?,https://www.gotquestions.org/Korean/Korean-seen-God.html
https://www.gotquestions.org/Korean/Korean-Q-God.html,"하나님께 질문하는 것은 잘못인가? 우리가 그분에게 질문을 제기할 때, 하나님은 화를 내시는가?",https://www.gotquestions.org/Korean/Korean-question-God.html
https://www.gotquestions.org/Korean/Korean-Q-God.html,유일신은 증명될 수 있는가? 하나님은 오직 한 분이라는 증거가 존재하는가?,https://www.gotquestions.org/Korean/Korean-monotheism.html
https://www.gotquestions.org/Korean/Korean-Q-God.html,하나님은 왜 질투하는 하나님이신가?,https://www.gotquestions.org/Korean/Korean-jealous-God.html
https://www.gotquestions.org/Korean/Korean-Q-God.html,하나님은 죄인이나 불신자의 기도에 응답하시는가?,https://www.gotquestions.org/Korean/Korean-God-unbeliever-prayer.html
https://www.gotquestions.org/Korean/Korean-Q-God.html,하나님/성경은 성을 차별하는가? 성경은 여성에 대한 편견을 가지고 있는가?,https://www.gotquestions.org/Korean/Korean-God-sexist.html
https://www.gotquestions.org/Korean/Korean-Q-God.html,"하나님은 왜 자연 재해, 즉, 지진, 태풍, 쓰나미 , 산사태 등을 허락하시는가?",https://www.gotquestions.org/Korean/Korean-God-natural-disasters.html
https://www.gotquestions.org/Korean/Korean-Q-God.html,하나님은 여전히 기적을 행하시는가?,https://www.gotquestions.org/Korean/Korean-God-miracles.html
https://www.gotquestions.org/Korean/Korean-Q-God.html,하나님은 남자인가 여자인가? 하나님도 성별이 있는가? 하나님이 스스로를 남성으로 부르시는 이유가 무엇인가?,https://www.gotquestions.org/Korean/Korean-God-male-female.html
https://www.gotquestions.org/Korean/Korean-Q-God.html,하나님은 모두를 사랑하시는가 아니면 그리스도인만 사랑하시는가? 하나님은 나를 사랑하시는가? 그분은 그리스도인을 더 많이 사랑하시는가?,https://www.gotquestions.org/Korean/Korean-God-love-everyone.html
https://www.gotquestions.org/Korean/Korean-Q-God.html,하나님은 마음을 바꾸시는가? 성경에서 하나님이 후회한다고 말씀하신 이유는 무엇인가?,https://www.gotquestions.org/Korean/Korean-God-change-mind.html
https://www.gotquestions.org/Korean/Korean-Q-God.html,하나님을 두려워 한다는 것은 무슨 의미인가요? 하나님을 두려워 해야 하는 이유는 무엇입니까?,https://www.gotquestions.org/Korean/Korean-fear-of-God.html
https://www.gotquestions.org/Korean/Korean-Q-God.html,"하나님이 거룩하다, 거룩하다, 거룩하다는 것은 무슨 의미인가요?",https://www.gotquestions.org/Korean/Korean-holy-holy-holy.html
https://www.gotquestions.org/Korean/Korean-Q-God.html,하나님의 다른 이름들은 무엇이며 그 의미들은 무엇인가요?,https://www.gotquestions.org/Korean/Korean-names-of-God.html
https://www.gotquestions.org/Korean/Korean-Q-God.html,아버지 하나님에 관한 개념을 어떻게 이해해야 하나요?,https://www.gotquestions.org/Korean/Korean-Father-God.html
https://www.gotquestions.org/Korean/Korean-Q-God.html,하나님은 누구신가요? 하나님은 무엇인가요? 어떻게 하나님을 알 수 있나요?,https://www.gotquestions.org/Korean/Korean-who-is-God.html
https://www.gotquestions.org/Korean/Korean-Q-God.html,하나님이 영원하시다는 것은 무슨 의미인가요?,https://www.gotquestions.org/Korean/Korean-eternal-God.html
https://www.gotquestions.org/Korean/Korean-Q-God.html,하나님이 무한하시다는 것은 무슨 뜻인가요?,https://www.gotquestions.org/Korean/Korean-infinite-God.html
https://www.gotquestions.org/Korean/Korean-Q-God.html,하나님이 전지하시다(Omniscience)는 것은 무슨 뜻인가요?,https://www.gotquestions.org/Korean/Korean-God-omniscient.html
https://www.gotquestions.org/Korean/Korean-Q-God.html,하나님이 전능하시다(omnipotent)는 것은 무슨 뜻인가요?,https://www.gotquestions.org/Korean/Korean-God-omnipotent.html
https://www.gotquestions.org/Korean/Korean-Q-God.html,하나님이 무소부재(omnipresent)하시다는 것은 무슨 뜻인가요?,https://www.gotquestions.org/Korean/Korean-God-omnipresent.html
https://www.gotquestions.org/Korean/Korean-Q-God.html,하나님은 공정하신가요?,https://www.gotquestions.org/Korean/Korean-is-God-fair.html
https://www.gotquestions.org/Korean/Korean-Q-God.html,하나님의 영광은 무엇인가요?,https://www.gotquestions.org/Korean/Korean-glory-of-God.html
https://www.gotquestions.org/Korean/Korean-Q-God.html,하나님은 왜 믿음을 요구하시나요?,https://www.gotquestions.org/Korean/Korean-God-require-faith.html
https://www.gotquestions.org/Korean/Korean-Q-God.html,하나님께서 사탄이 반역할 것을 아셨다면 왜 사탄을 만드셨나요?,https://www.gotquestions.org/Korean/Korean-if-God-knew.html
https://www.gotquestions.org/Korean/Korean-Q-God.html,하나님은 어디에 있나요? 고통의 때에 하나님은 어디에 있나요?,https://www.gotquestions.org/Korean/Korean-where-is-God.html
https://www.gotquestions.org/Korean/Korean-Q-God.html,하나님은 때때로 믿는 사람도 아프게 하시나요?,https://www.gotquestions.org/Korean/Korean-sickness-will-God.html
https://www.gotquestions.org/Korean/Korean-Q-God.html,하나님의 뜻이란 무엇인가요?,https://www.gotquestions.org/Korean/Korean-Gods-will.html
https://www.gotquestions.org/Korean/Korean-Q-God.html,하나님을 진정으로 알 수 있는 비결은 무엇인가요?,https://www.gotquestions.org/Korean/Korean-knowing-God.html
https://www.gotquestions.org/Korean/Korean-Q-God.html,하나님은 어떤 모습이신가요?,https://www.gotquestions.org/Korean/Korean-what-does-God-look-like.html
https://www.gotquestions.org/Korean/Korean-Q-God.html,하나님께 화를 내는 것은 잘못인가요?,https://www.gotquestions.org/Korean/Korean-angry-with-God.html
https://www.gotquestions.org/Korean/Korean-Q-God.html,하나님께 실망감을 느끼는 것은 잘못된 일인가요?,https://www.gotquestions.org/Korean/Korean-disappointment-with-God.html
https://www.gotquestions.org/Korean/Korean-Q-God.html,하나님은 우리가 죄를 짓는지 시험하시나요?,https://www.gotquestions.org/Korean/Korean-God-tempt-us-to-sin.html
https://www.gotquestions.org/Korean/Korean-Q-God.html,우리가 죄를 지으면 하나님이 벌하시나요?,https://www.gotquestions.org/Korean/Korean-God-punish-sin.html
https://www.gotquestions.org/Korean/Korean-Q-God.html,하나님의 진노에 대한 성경적 이해는 무엇인가요?,https://www.gotquestions.org/Korean/Korean-wrath-of-God.html
https://www.gotquestions.org/Korean/Korean-Q-God.html,하나님의 존재에 대한 논거가 있나요?,https://www.gotquestions.org/Korean/Korean-argument-existence-God.html
https://www.gotquestions.org/Korean/Korean-Q-God.html,하나님으로서는 모든지 다 하실 수 있다는 것이 정말일까요?,https://www.gotquestions.org/Korean/Korean-all-things-are-possible.html
https://www.gotquestions.org/Korean/Korean-Q-God.html,하나님은 왜 여자와 아이들을 포함하여 모든 가나안 사람들을 멸절/진멸하라고 명령하셨을까요?,https://www.gotquestions.org/Korean/Korean-Canaanites-extermination.html
https://www.gotquestions.org/Korean/Korean-Q-God.html,하나님께서는 미래를 알고 계실까요?,https://www.gotquestions.org/Korean/Korean-God-know-future.html
https://www.gotquestions.org/Korean/Korean-Q-God.html,하나님께서도 실수하실까요?,https://www.gotquestions.org/Korean/Korean-does-God-make-mistakes.html
https://www.gotquestions.org/Korean/Korean-Q-God.html,하나님께 좌절감을 느끼는 것이 잘못된 일입니까?,https://www.gotquestions.org/Korean/Korean-frustrated-with-God.html
https://www.gotquestions.org/Korean/Korean-Q-God.html,하나님은 왜 우리에게 하나님을 예배하라고 말씀하시는 걸까요?,https://www.gotquestions.org/Korean/Korean-God-demand-worship.html
https://www.gotquestions.org/Korean/Korean-Q-God.html,성경에는 하나님이 분명하게 나타나시지만 오늘날 우리에게는 잘 보이지 않습니다. 그 이유는 무엇일까요?,https://www.gotquestions.org/Korean/Korean-God-hidden.html
https://www.gotquestions.org/Korean/Korean-Q-God.html,하나님의 불변성이란 무엇입니까?,https://www.gotquestions.org/Korean/Korean-immutability-God.html
https://www.gotquestions.org/Korean/Korean-Q-God.html,내 마음 속에 있는 하나님의 모습이 어떻게 위압적이고 화난 모습이 되었을까요?,https://www.gotquestions.org/Korean/Korean-God-imposing.html
https://www.gotquestions.org/Korean/Korean-Q-God.html,하나님이 빛이시라는 말은 무슨 뜻입니까?,https://www.gotquestions.org/Korean/Korean-God-is-light.html
https://www.gotquestions.org/Korean/Korean-Q-God.html,하나님이 영이시라는 것은 무엇을 의미합니까?,https://www.gotquestions.org/Korean/Korean-God-is-spirit.html
https://www.gotquestions.org/Korean/Korean-Q-God.html,하나님은 우리가 즐거워하는 것을 싫어하십니까?,https://www.gotquestions.org/Korean/Korean-God-pleasure.html
https://www.gotquestions.org/Korean/Korean-Q-God.html,하나님께서 공급하신다는 말의 의미는 무엇입니까?,https://www.gotquestions.org/Korean/Korean-God-provides.html
https://www.gotquestions.org/Korean/Korean-Q-God.html,"하나님의 사랑은 조건적일까요, 무조건적일까요?",https://www.gotquestions.org/Korean/Korean-unconditional-love.html
https://www.gotquestions.org/Korean/Korean-Q-God.html,왜 하나님께서 나쁜 사람들에게 좋은 일이 일어나도록 허락하시는 걸까요?,https://www.gotquestions.org/Korean/Korean-good-things-bad-people.html
https://www.gotquestions.org/Korean/Korean-Q-God.html,하나님의 은혜란 무엇입니까?,https://www.gotquestions.org/Korean/Korean-grace-of-God.html
https://www.gotquestions.org/Korean/Korean-Q-God.html,하나님을 존귀히 여긴다는 것은 어떤 의미입니까?,https://www.gotquestions.org/Korean/Korean-honor-God.html
https://www.gotquestions.org/Korean/Korean-Q-God.html,하나님은 인격이십니까?,https://www.gotquestions.org/Korean/Korean-is-God-a-person.html
https://www.gotquestions.org/Korean/Korean-Q-God.html,하나님을 찬양한다는 것은 무엇을 의미합니까?,https://www.gotquestions.org/Korean/Korean-praise-God.html
https://www.gotquestions.org/Korean/Korean-Q-God.html,하나님의 임재 안에 거한다는 것은 무엇을 의미합니까?,https://www.gotquestions.org/Korean/Korean-presence-of-God.html
https://www.gotquestions.org/Korean/Korean-Q-God.html,하나님은 무엇입니까?,https://www.gotquestions.org/Korean/Korean-what-is-God.html
https://www.gotquestions.org/Korean/Korean-Q-God.html,왜 하나님께서 존재하시는지에 대한 관심을 가져야 할까요?,https://www.gotquestions.org/Korean/Korean-care-God-exists.html
https://www.gotquestions.org/Korean/Korean-Q-God.html,하나님께서 왜 우리를 사랑하시는 걸까요?,https://www.gotquestions.org/Korean/Korean-God-love.html
https://www.gotquestions.org/Korean/Korean-Q-God.html,하나님께서 왜 우리를 시험하시는 걸까요?,https://www.gotquestions.org/Korean/Korean-why-does-God-test-us.html
https://www.gotquestions.org/Korean/Korean-Q-Jesus.html,예수님은 실존 인물 인가?,https://www.gotquestions.org/Korean/Korean-did-Jesus-exist.html
https://www.gotquestions.org/Korean/Korean-Q-Jesus.html,예수님이 하나님의 아들이라는 말은 어떤 뜻인가?,https://www.gotquestions.org/Korean/Korean-Son-of-God.html
https://www.gotquestions.org/Korean/Korean-Q-Jesus.html,동정녀 탄생이 중요한 이유는 무엇인가?,https://www.gotquestions.org/Korean/Korean-virgin-birth.html
https://www.gotquestions.org/Korean/Korean-Q-Jesus.html,예수 그리스도의 부활은 사실인가?,https://www.gotquestions.org/Korean/Korean-resurrection-Jesus.html
https://www.gotquestions.org/Korean/Korean-Q-Jesus.html,예수님은 지옥에 내려가셨는가?,https://www.gotquestions.org/Korean/Korean-Jesus-hell.html
https://www.gotquestions.org/Korean/Korean-Q-Jesus.html,예수님도 죄를 지을 수 있었는가?,https://www.gotquestions.org/Korean/Korean-could-jesus-have-sinned.html
https://www.gotquestions.org/Korean/Korean-Q-Jesus.html,하나님이 ‘때가 차매’ 예수님을 보내셨다는 것은 무슨 의미인가? 왜 하필 그 때 보내셨는가 ?,https://www.gotquestions.org/Korean/Korean-fullness-of-time.html
https://www.gotquestions.org/Korean/Korean-Q-Jesus.html,위격의 연합이란 무엇인가?,https://www.gotquestions.org/Korean/Korean-hypostatic-union.html
https://www.gotquestions.org/Korean/Korean-Q-Jesus.html,마태복음과 누가복음에 기록된 예수님의 족보가 서로 다른 이유는 무엇인가?,https://www.gotquestions.org/Korean/Korean-jesus-genealogy.html
https://www.gotquestions.org/Korean/Korean-Q-Jesus.html,예수님이 하나님의 어린 양이라는 것은 무슨 뜻인가?,https://www.gotquestions.org/Korean/Korean-jesus-lamb-of-god.html
https://www.gotquestions.org/Korean/Korean-Q-Jesus.html,"예수님이 하나님이라면, 어떻게 하나님께 기도하는 것이 가능한가?",https://www.gotquestions.org/Korean/Korean-jesus-pray-god.html
https://www.gotquestions.org/Korean/Korean-Q-Jesus.html,예수님에게도 형제 자매가 있었는가?,https://www.gotquestions.org/Korean/Korean-jesus-siblings.html
https://www.gotquestions.org/Korean/Korean-Q-Jesus.html,예수님이 ‘인자’라는 것은 무슨 의미인가?,https://www.gotquestions.org/Korean/Korean-jesus-son-of-man.html
https://www.gotquestions.org/Korean/Korean-Q-Jesus.html,예수님은 왜 그렇게 많은 고난을 겪어야 했나요?,https://www.gotquestions.org/Korean/Korean-jesus-suffering.html
https://www.gotquestions.org/Korean/Korean-Q-Jesus.html,구약 어디에 예수 그리스도의 오심을 예언하고 있는가? 구약 성경에 기록된 메시아적 예언들은 무엇인가?,https://www.gotquestions.org/Korean/Korean-old-testament-christ.html
https://www.gotquestions.org/Korean/Korean-Q-Jesus.html,예수님도 결혼을 하셨는가? 예수님도 아내가 있었는가?,https://www.gotquestions.org/Korean/Korean-was-jesus-married.html
https://www.gotquestions.org/Korean/Korean-Q-Jesus.html,왜 예수 그리스도의 부활을 믿어야 하는가?,https://www.gotquestions.org/Korean/Korean-why-believe-resurrection.html
https://www.gotquestions.org/Korean/Korean-Q-Jesus.html,그리스도의 피는 무엇을 의미하나요?,https://www.gotquestions.org/Korean/Korean-blood-of-Christ.html
https://www.gotquestions.org/Korean/Korean-Q-Jesus.html,예수님이 우리의 대제사장 되신다는 것은 무엇을 의미하나요?,https://www.gotquestions.org/Korean/Korean-Jesus-High-Priest.html
https://www.gotquestions.org/Korean/Korean-Q-Jesus.html,예수님이 다윗의 자손이라는 것은 무엇을 의미하나요?,https://www.gotquestions.org/Korean/Korean-Jesus-Son-of-David.html
https://www.gotquestions.org/Korean/Korean-Q-Jesus.html,"예수님을 하나님의 말씀이라고 선포하는 요한복음 1:1, 14은 무슨 의미인가요?",https://www.gotquestions.org/Korean/Korean-Jesus-Word-God.html
https://www.gotquestions.org/Korean/Korean-Q-Jesus.html,예수님이 ‘내가 있느니라(I AM)’고 말씀하신 것은 무슨 의미인가요?,https://www.gotquestions.org/Korean/Korean-I-AM.html
https://www.gotquestions.org/Korean/Korean-Q-Jesus.html,예수 그리스도의 다른 이름과 호칭들에는 무엇이 있나요?,https://www.gotquestions.org/Korean/Korean-names-Jesus-Christ.html
https://www.gotquestions.org/Korean/Korean-Q-Jesus.html,예수님이 하나님의 독생자라는 것은 무슨 의미인가요?,https://www.gotquestions.org/Korean/Korean-only-begotten-son.html
https://www.gotquestions.org/Korean/Korean-Q-Jesus.html,예수님은 어떻게 유일무이하신가요?,https://www.gotquestions.org/Korean/Korean-Jesus-unique.html
https://www.gotquestions.org/Korean/Korean-Q-Jesus.html,실제 역사상의 예수님은 어떤 분이었나요?,https://www.gotquestions.org/Korean/Korean-real-historical-Jesus.html
https://www.gotquestions.org/Korean/Korean-Q-Jesus.html,예수님은 유대인이었나요?,https://www.gotquestions.org/Korean/Korean-was-Jesus-a-Jew.html
https://www.gotquestions.org/Korean/Korean-Q-Jesus.html,예수님은 어떤 모습이었나요?,https://www.gotquestions.org/Korean/Korean-Jesus-look-like.html
https://www.gotquestions.org/Korean/Korean-Q-Jesus.html,예수님의 어린 시절에는 무슨 일이 있었나요?,https://www.gotquestions.org/Korean/Korean-Jesus-childhood.html
https://www.gotquestions.org/Korean/Korean-Q-Jesus.html,예수는 신화인가요? 예수는 단지 다른 고대 종교의 이교도 신들을 모방한 것인가요?,https://www.gotquestions.org/Korean/Korean-Jesus-myth.html
https://www.gotquestions.org/Korean/Korean-Q-Jesus.html,예수님은 왜 비유로 가르치셨나요?,https://www.gotquestions.org/Korean/Korean-Jesus-parables.html
https://www.gotquestions.org/Korean/Korean-Q-Jesus.html,그리스도의 사랑이란 무엇인가요?,https://www.gotquestions.org/Korean/Korean-love-of-Christ.html
https://www.gotquestions.org/Korean/Korean-Q-Jesus.html,예수님이 당하신 시험의 의미와 목적은 무엇인가요?,https://www.gotquestions.org/Korean/Korean-Jesus-temptations.html
https://www.gotquestions.org/Korean/Korean-Q-Jesus.html,예수님의 변형은 무엇을 의미하며 어떻게 중요한가요?,https://www.gotquestions.org/Korean/Korean-transfiguration.html
https://www.gotquestions.org/Korean/Korean-Q-Jesus.html,이사야 53장의 ‘고난 당하는 종‘은 예수님에 관한 예언인가요?,https://www.gotquestions.org/Korean/Korean-suffering-servant-Isaiah-53.html
https://www.gotquestions.org/Korean/Korean-Q-Jesus.html,예수님은 십자가에 못박히시기 전에 어떤 재판을 받았나요?,https://www.gotquestions.org/Korean/Korean-trials-of-Jesus.html
https://www.gotquestions.org/Korean/Korean-Q-Jesus.html,"십자가의 길은 무엇이며, 그것을 통해 우리는 무엇을 배울 수 있나요?",https://www.gotquestions.org/Korean/Korean-stations-of-the-cross.html
https://www.gotquestions.org/Korean/Korean-Q-Jesus.html,"예수 그리스도가 십자가 위에서 마지막으로 하신 일곱 가지 말씀은 무엇이며, 그것들은 무엇을 의미하나요?",https://www.gotquestions.org/Korean/Korean-seven-sayings-Christ.html
https://www.gotquestions.org/Korean/Korean-Q-Jesus.html,예수 그리스도의 승천의 의미와 중요성은 무엇인가요?,https://www.gotquestions.org/Korean/Korean-ascension-Jesus-Christ.html
https://www.gotquestions.org/Korean/Korean-Q-Jesus.html,예수님도 화내신 적이 있나요?,https://www.gotquestions.org/Korean/Korean-Jesus-angry.html
https://www.gotquestions.org/Korean/Korean-Q-Jesus.html,케노시스 (kenosis)란 무엇인가요?,https://www.gotquestions.org/Korean/Korean-kenosis.html
https://www.gotquestions.org/Korean/Korean-Q-Jesus.html,예수 그리스도께서 육체적으로 부활하셨다는 사실이 중요한 이유는 무엇입니까?,https://www.gotquestions.org/Korean/Korean-bodily-resurrection-Jesus.html
https://www.gotquestions.org/Korean/Korean-Q-Jesus.html,가시관의 의미와 중요성은 무엇입니까?,https://www.gotquestions.org/Korean/Korean-crown-of-thorns.html
https://www.gotquestions.org/Korean/Korean-Q-Jesus.html,히브리어 성경의 어느 곳에서 메시아의 죽음과 부활에 관해 예언하고 있습니까?,https://www.gotquestions.org/Korean/Korean-death-resurrection-Messiah.html
https://www.gotquestions.org/Korean/Korean-Q-Jesus.html,그리스도의 신성을 가장 강하게 주장하는 성경적 근거는 무엇입니까?,https://www.gotquestions.org/Korean/Korean-divinity-of-Christ.html
https://www.gotquestions.org/Korean/Korean-Q-Jesus.html,예수님께서는 왜 사람들에게 자신이 행한 기적에 관해 다른 사람들에게 말하지 말라고 명령하셨습니까?,https://www.gotquestions.org/Korean/Korean-do-not-tell.html
https://www.gotquestions.org/Korean/Korean-Q-Jesus.html,빈 무덤이 중요한 이유는 무엇입니까?,https://www.gotquestions.org/Korean/Korean-empty-tomb.html
https://www.gotquestions.org/Korean/Korean-Q-Jesus.html,예수님께서 죄인의 친구라는 말은 어떤 의미입니까?,https://www.gotquestions.org/Korean/Korean-Jesus-friend-of-sinners.html
https://www.gotquestions.org/Korean/Korean-Q-Jesus.html,예수님은 성육신하신 하나님이십니까? 예수님의 성육신이 중요한 이유는 무엇입니까?,https://www.gotquestions.org/Korean/Korean-God-in-the-flesh.html
https://www.gotquestions.org/Korean/Korean-Q-Jesus.html,예수님의 인성이 중요한 이유는 무엇입니까?,https://www.gotquestions.org/Korean/Korean-humanity-of-Jesus.html
https://www.gotquestions.org/Korean/Korean-Q-Jesus.html,예수님께서 세례를 받으신 이유는 무엇입니까? 예수님의 세례가 중요한 이유는 무엇입니까?,https://www.gotquestions.org/Korean/Korean-Jesus-baptized.html
https://www.gotquestions.org/Korean/Korean-Q-Jesus.html,예수님은 다른 종교 지도자들과 어떻게 다릅니까?,https://www.gotquestions.org/Korean/Korean-Jesus-different.html
https://www.gotquestions.org/Korean/Korean-Q-Jesus.html,예수님께서 자신이 하나님이라는 것을 언제 아셨을까요?,https://www.gotquestions.org/Korean/Korean-Jesus-know.html
https://www.gotquestions.org/Korean/Korean-Q-Jesus.html,예수님이 우리의 중보자라는 말은 어떤 의미입니까?,https://www.gotquestions.org/Korean/Korean-Jesus-mediator.html
https://www.gotquestions.org/Korean/Korean-Q-Jesus.html,예수님은 평화주의자였습니까?,https://www.gotquestions.org/Korean/Korean-Jesus-pacifist.html
https://www.gotquestions.org/Korean/Korean-Q-Jesus.html,성경은 예수님께서 예배를 받으셨다고 말합니까?,https://www.gotquestions.org/Korean/Korean-Jesus-worshipped.html
https://www.gotquestions.org/Korean/Korean-Q-Jesus.html,예수님께서 성인이 되었을 때 요셉은 어디에 있었습니까?,https://www.gotquestions.org/Korean/Korean-Joseph-Jesus.html
https://www.gotquestions.org/Korean/Korean-Q-Jesus.html,십자가의 의미는 무엇입니까?,https://www.gotquestions.org/Korean/Korean-meaning-of-the-cross.html
https://www.gotquestions.org/Korean/Korean-Q-Jesus.html,예수님의 사진을 가지고 있는 것이 잘못된 일입니까?,https://www.gotquestions.org/Korean/Korean-pictures-of-Jesus.html
https://www.gotquestions.org/Korean/Korean-Q-Jesus.html,예수님은 ‘평강의 왕이시라’는 말은 어떤 의미입니까(사 9:6)?,https://www.gotquestions.org/Korean/Korean-Prince-of-Peace.html
https://www.gotquestions.org/Korean/Korean-Q-Jesus.html,승리의 입성에는 어떤 의미가 있습니까?,https://www.gotquestions.org/Korean/Korean-triumphal-entry.html
https://www.gotquestions.org/Korean/Korean-Q-Jesus.html,예수님은 죄가 없으십니까?,https://www.gotquestions.org/Korean/Korean-Jesus-sinless.html
https://www.gotquestions.org/Korean/Korean-Q-Jesus.html,예수님은 몇 년도에 죽으셨습니까?,https://www.gotquestions.org/Korean/Korean-what-year-did-Jesus-die.html
https://www.gotquestions.org/Korean/Korean-Q-Jesus.html,예수님은 몇 년도에 태어나셨습니까?,https://www.gotquestions.org/Korean/Korean-what-year-was-Jesus-born.html
https://www.gotquestions.org/Korean/Korean-Q-Jesus.html,말씀이 육신이 되었다는 것은 어떤 의미입니까(요 1:14)?,https://www.gotquestions.org/Korean/Korean-Word-became-flesh.html
https://www.gotquestions.org/Korean/Korean-Q-Salvation.html,예수님만이 천국에 이르는 유일한 길인가?,https://www.gotquestions.org/Korean/Korean-Jesus-Only.html
https://www.gotquestions.org/Korean/Korean-Q-Salvation.html,구원의 계획 / 구원의 길이란 무엇인가?,https://www.gotquestions.org/Korean/Korean-Plan-Salvation.html
https://www.gotquestions.org/Korean/Korean-Q-Salvation.html,구원의 확신을 얻는 방법은 무엇인가?,https://www.gotquestions.org/Korean/Korean-assurance-salvation.html
https://www.gotquestions.org/Korean/Korean-Q-Salvation.html,대속이란 무엇인가?,https://www.gotquestions.org/Korean/Korean-atonement.html
https://www.gotquestions.org/Korean/Korean-Q-Salvation.html,예수님이 우리의 죄를 위해 죽으시기 전에 살았던 사람들은 어떻게 구원을 받았는가?,https://www.gotquestions.org/Korean/Korean-before-Jesus.html
https://www.gotquestions.org/Korean/Korean-Q-Salvation.html,예수님에 관하여 한 번도 들어보지 못한 사람들은 어떻게 되는가?,https://www.gotquestions.org/Korean/Korean-never-heard.html
https://www.gotquestions.org/Korean/Korean-Q-Salvation.html,구원의 영원한 보증 은 죄에 거하는 것을 허락하는가?,https://www.gotquestions.org/Korean/Korean-license-sin.html
https://www.gotquestions.org/Korean/Korean-Q-Salvation.html,하나님의 주권과 인간의 자유의지 는 어떻게 서로 역사 하는가?,https://www.gotquestions.org/Korean/Korean-sovereign-free.html
https://www.gotquestions.org/Korean/Korean-Q-Salvation.html,성경에 책임연령에 관한 내용이 나오는가? 갓난아이와 어린 아이들은 죽으면 어떻게 되는가?,https://www.gotquestions.org/Korean/Korean-age-of-accountability.html
https://www.gotquestions.org/Korean/Korean-Q-Salvation.html,구약의 하나님은 왜 짐승 제사를 요구하셨는가?,https://www.gotquestions.org/Korean/Korean-animal-sacrifices.html
https://www.gotquestions.org/Korean/Korean-Q-Salvation.html,"우리의 구원이 영원히 안전하다면, 성경은 왜 배도에 대하여 그렇게 강력하게 경고하고 있나요?",https://www.gotquestions.org/Korean/Korean-apostasy-salvation.html
https://www.gotquestions.org/Korean/Korean-Q-Salvation.html,세례/침례는 구원의 필수적인 조건인가?,https://www.gotquestions.org/Korean/Korean-baptism-salvation.html
https://www.gotquestions.org/Korean/Korean-Q-Salvation.html,구원이란 무엇인가? 기독교의 구원의 교리는 무엇인가?,https://www.gotquestions.org/Korean/Korean-christian-doctrine-salvation.html
https://www.gotquestions.org/Korean/Korean-Q-Salvation.html,그리스도인이 구원을 잃을 수도 있는가?,https://www.gotquestions.org/Korean/Korean-christian-lose-salvation.html
https://www.gotquestions.org/Korean/Korean-Q-Salvation.html,(하나님 앞에서) 의롭게 여겨짐은 무슨 의미인가? 칭의란 무엇인가?,https://www.gotquestions.org/Korean/Korean-justification.html
https://www.gotquestions.org/Korean/Korean-Q-Salvation.html,기독교에서 말하는 화목이란 무엇인가? 우리에게 하나님과의 화해가 필요한 이유는 무엇인가?,https://www.gotquestions.org/Korean/Korean-reconciliation.html
https://www.gotquestions.org/Korean/Korean-Q-Salvation.html,그리스도인의 구속이란 무엇인가?,https://www.gotquestions.org/Korean/Korean-redemption.html
https://www.gotquestions.org/Korean/Korean-Q-Salvation.html,"회개란 무엇이며, 회개는 구원을 위해 반드시 필요한가?",https://www.gotquestions.org/Korean/Korean-repentance.html
https://www.gotquestions.org/Korean/Korean-Q-Salvation.html,예수 그리스도의 부활이 중요한 이유는 무엇인가?,https://www.gotquestions.org/Korean/Korean-resurrection-christ-important.html
https://www.gotquestions.org/Korean/Korean-Q-Salvation.html,예수님이 우리의 죄를 위해 죽으셨다는 것은 무슨 뜻인가요?,https://www.gotquestions.org/Korean/Korean-Jesus-died-for-our-sins.html
https://www.gotquestions.org/Korean/Korean-Q-Salvation.html,하나님은 큰 죄도 용서하시나요? 하나님은 살인자를 용서해 주실까요?,https://www.gotquestions.org/Korean/Korean-God-forgive-big-sins.html
https://www.gotquestions.org/Korean/Korean-Q-Salvation.html,하나님이 용서하시지 않는 죄가 있나요?,https://www.gotquestions.org/Korean/Korean-sin-God-not-forgive.html
https://www.gotquestions.org/Korean/Korean-Q-Salvation.html,우리가 같은 죄를 반복해서 저질러도 하나님은 계속 용서해 주실까요?,https://www.gotquestions.org/Korean/Korean-forgive-same-sin.html
https://www.gotquestions.org/Korean/Korean-Q-Salvation.html,성경은 임종 직전의 회심에 대해 어떻게 말하고 있나요?,https://www.gotquestions.org/Korean/Korean-death-bed-conversion.html
https://www.gotquestions.org/Korean/Korean-Q-Salvation.html,사후에 구원을 얻을 수 있는 제 2의 기회가 있나요?,https://www.gotquestions.org/Korean/Korean-second-chance-salvation.html
https://www.gotquestions.org/Korean/Korean-Q-Salvation.html,크리스천의 구원이 ‘취소’될 수 있나요?,https://www.gotquestions.org/Korean/Korean-give-back-salvation.html
https://www.gotquestions.org/Korean/Korean-Q-Salvation.html,"구원 받은 것이 의심된다면, 진정으로 구원받지 못했다는 의미인가요?",https://www.gotquestions.org/Korean/Korean-salvation-doubt.html
https://www.gotquestions.org/Korean/Korean-Q-Salvation.html,참된 구원 신앙을 보여주는 표적은 어떤 것들이 있나요?,https://www.gotquestions.org/Korean/Korean-signs-saving-faith.html
https://www.gotquestions.org/Korean/Korean-Q-Salvation.html,배역하는 크리스천을 여전히 구원받았다고 할 수 있나요?,https://www.gotquestions.org/Korean/Korean-backsliding-Christian.html
https://www.gotquestions.org/Korean/Korean-Q-Salvation.html,생명책과 어린 양의 생명책은 어떻게 다른가요?,https://www.gotquestions.org/Korean/Korean-Lambs-book-of-life.html
https://www.gotquestions.org/Korean/Korean-Q-Salvation.html,생명책에서 사람의 이름이 지워지는 것은 가능한가요?,https://www.gotquestions.org/Korean/Korean-erased-book-life.html
https://www.gotquestions.org/Korean/Korean-Q-Salvation.html,제가 구원을 받은 것을 느끼지 못하면 어떡하나요?,https://www.gotquestions.org/Korean/Korean-feel-saved.html
https://www.gotquestions.org/Korean/Korean-Q-Salvation.html,복음의 메시지에서 가장 중요한 것은 무엇인가요?,https://www.gotquestions.org/Korean/Korean-gospel-message.html
https://www.gotquestions.org/Korean/Korean-Q-Salvation.html,진리의 복음이란 무엇인가요?,https://www.gotquestions.org/Korean/Korean-true-gospel.html
https://www.gotquestions.org/Korean/Korean-Q-Salvation.html,사람이 일반 계시를 통해서도 구원받을 수 있나요?,https://www.gotquestions.org/Korean/Korean-saved-general-revelation.html
https://www.gotquestions.org/Korean/Korean-Q-Salvation.html,얼마나 어렸을 때부터 예수님을 구원자로 받아들일 수 있나요?,https://www.gotquestions.org/Korean/Korean-young-salvation.html
https://www.gotquestions.org/Korean/Korean-Q-Salvation.html,긍휼과 은혜의 차이점은 무엇인가요?,https://www.gotquestions.org/Korean/Korean-mercy-grace.html
https://www.gotquestions.org/Korean/Korean-Q-Salvation.html,"예수님은 우리의 몸값을 어떻게, 그리고 누구에게 지불하셨나요?",https://www.gotquestions.org/Korean/Korean-Jesus-pay-ransom.html
https://www.gotquestions.org/Korean/Korean-Q-Salvation.html,마가복음 16:16은 구원을 얻기 위해 세례가 필요하다고 가르치나요?,https://www.gotquestions.org/Korean/Korean-baptism-Mark-16-16.html
https://www.gotquestions.org/Korean/Korean-Q-Salvation.html,요한복음 3:5은 구원을 얻기 위해 세례가 필요하다고 가르치나요?,https://www.gotquestions.org/Korean/Korean-baptism-John-3-5.html
https://www.gotquestions.org/Korean/Korean-Q-Salvation.html,사도행전 2:38은 구원을 얻기 위해 세례가 필요하다고 가르치나요?,https://www.gotquestions.org/Korean/Korean-baptism-Acts-2-38.html
https://www.gotquestions.org/Korean/Korean-Q-Salvation.html,베드로전서 3:21은 구원에 있어 세례가 필요하다고 가르치나요?,https://www.gotquestions.org/Korean/Korean-baptism-1Peter-3-21.html
https://www.gotquestions.org/Korean/Korean-Q-Salvation.html,성화란 무엇인가요? 크리스천 성화의 정의는 무엇인가요?,https://www.gotquestions.org/Korean/Korean-sanctification.html
https://www.gotquestions.org/Korean/Korean-Q-Salvation.html,생명책이란 무엇입니까?,https://www.gotquestions.org/Korean/Korean-book-of-life.html
https://www.gotquestions.org/Korean/Korean-Q-Salvation.html,하나님께서 나를 구원하실 수 있을까요?,https://www.gotquestions.org/Korean/Korean-can-God-save-me.html
https://www.gotquestions.org/Korean/Korean-Q-Salvation.html,하나님께서 우리를 구원으로 이끄신다는 것은 어떤 의미입니까?,https://www.gotquestions.org/Korean/Korean-drawn-salvation.html
https://www.gotquestions.org/Korean/Korean-Q-Salvation.html,안일한 신앙이란 무엇입니까?,https://www.gotquestions.org/Korean/Korean-easy-believism.html
https://www.gotquestions.org/Korean/Korean-Q-Salvation.html,행함이 없는 믿음이 왜 죽은 것일까요?,https://www.gotquestions.org/Korean/Korean-faith-without-works-dead.html
https://www.gotquestions.org/Korean/Korean-Q-Salvation.html,구원을 위해 믿음이 요구된다면 왜 구원을 행위로 볼 수 없는 걸까요? 믿음은 행위가 아닙니까?,https://www.gotquestions.org/Korean/Korean-faith-work.html
https://www.gotquestions.org/Korean/Korean-Q-Salvation.html,천국에 가려면 복음을 완전히 이해해야 합니까? 복음을 완전히 이해하지는 못하더라도 복음을 믿는 것으로 충분할까요?,https://www.gotquestions.org/Korean/Korean-fully-understand.html
https://www.gotquestions.org/Korean/Korean-Q-Salvation.html,영화란 무엇입니까?,https://www.gotquestions.org/Korean/Korean-glorification.html
https://www.gotquestions.org/Korean/Korean-Q-Salvation.html,선한 사람이 되는 것만으로는 천국에 들어갈 수 없는 이유는 무엇입니까?,https://www.gotquestions.org/Korean/Korean-good-person.html
https://www.gotquestions.org/Korean/Korean-Q-Salvation.html,성경은 가정 구원에 대해 무엇이라고 말합니까?,https://www.gotquestions.org/Korean/Korean-household-salvation.html
https://www.gotquestions.org/Korean/Korean-Q-Salvation.html,"죄의 형벌로 인해 우리가 지옥에서 영원히 거해야 한다면, 지옥에 영원히 거하지 않으신 예수님의 죽음이 어떻게 우리 죄의 값을 지불하셨을까요?",https://www.gotquestions.org/Korean/Korean-Jesus-paid-penalty.html
https://www.gotquestions.org/Korean/Korean-Q-Salvation.html,믿음으로 말미암아 의롭게 된다는 것이 왜 중요한 교리일까요?,https://www.gotquestions.org/Korean/Korean-justification-by-faith.html
https://www.gotquestions.org/Korean/Korean-Q-Salvation.html,하나님의 주권적인 구원이란 무엇입니까?,https://www.gotquestions.org/Korean/Korean-lordship-salvation.html
https://www.gotquestions.org/Korean/Korean-Q-Salvation.html,정신 질환자들이 천국에 갈 수 있을까요? 하나님께서는 정신 지체자나 장애자들에게도 자비를 베푸실까요?,https://www.gotquestions.org/Korean/Korean-mentally-challenged.html
https://www.gotquestions.org/Korean/Korean-Q-Salvation.html,좁은 길은 얼마나 좁습니까?,https://www.gotquestions.org/Korean/Korean-narrow-gate.html
https://www.gotquestions.org/Korean/Korean-Q-Salvation.html,성경에 “믿음으로만”이라는 단어가 언급된 유일한 구절(약 2:24)이 믿음으로만 구원을 받을 수 없다고 말하는데 어떻게 우리가 믿음을 통해 구원을 받을 수 있을까요?,https://www.gotquestions.org/Korean/Korean-faith-alone.html
https://www.gotquestions.org/Korean/Korean-Q-Salvation.html,내가 선택되었다는 것을 어떻게 알 수 있을까요?,https://www.gotquestions.org/Korean/Korean-one-of-the-elect.html
https://www.gotquestions.org/Korean/Korean-Q-Salvation.html,속량이란 무엇입니까?,https://www.gotquestions.org/Korean/Korean-propitiation.html
https://www.gotquestions.org/Korean/Korean-Q-Salvation.html,구원을 위해 공개적인 고백이 필요합니까(로마서 10:9-10)?,https://www.gotquestions.org/Korean/Korean-public-confession.html
https://www.gotquestions.org/Korean/Korean-Q-Salvation.html,성경이 말하는 거듭남이란 무엇입니까?,https://www.gotquestions.org/Korean/Korean-regeneration-Bible.html
https://www.gotquestions.org/Korean/Korean-Q-Salvation.html,구원은 다음 세상에서의 삶 이상으로 영향을 미치나요?,https://www.gotquestions.org/Korean/Korean-salvation-afterlife.html
https://www.gotquestions.org/Korean/Korean-Q-Salvation.html,행위에 의해 구원받을 수 있다는 의견이 지배적인 이유는 무엇입니까?,https://www.gotquestions.org/Korean/Korean-salvation-by-works.html
https://www.gotquestions.org/Korean/Korean-Q-Salvation.html,구원의 은혜란 어떤 것입니까?,https://www.gotquestions.org/Korean/Korean-saving-grace.html
https://www.gotquestions.org/Korean/Korean-Q-Salvation.html,그리스도인이 자살을 하더라도 구원을 받을 수 있을까요?,https://www.gotquestions.org/Korean/Korean-Christian-suicide-saved.html
https://www.gotquestions.org/Korean/Korean-Q-Bible.html,"성경은 오류, 모순, 불일치를 포함하는가?",https://www.gotquestions.org/Korean/Korean-Bible-errors.html
https://www.gotquestions.org/Korean/Korean-Q-Bible.html,성경이 오늘날과 연관이 있는가?,https://www.gotquestions.org/Korean/Korean-Bible-relevant.html
https://www.gotquestions.org/Korean/Korean-Q-Bible.html,"성경은 언제, 어떻게 편집되었는가?",https://www.gotquestions.org/Korean/Korean-canon-Bible.html
https://www.gotquestions.org/Korean/Korean-Q-Bible.html,성경을 공부하는 올바른 방법은 무엇인가?,https://www.gotquestions.org/Korean/Korean-study-Bible.html
https://www.gotquestions.org/Korean/Korean-Q-Bible.html,성경 은 영감되었다는 말은 무슨 뜻인가?,https://www.gotquestions.org/Korean/Korean-Bible-inspired.html
https://www.gotquestions.org/Korean/Korean-Q-Bible.html,성경을 읽고 공부해야 하는 이유는 무엇인가?,https://www.gotquestions.org/Korean/Korean-why-read-Bible.html
https://www.gotquestions.org/Korean/Korean-Q-Bible.html,성경의 저자는 누구인가?,https://www.gotquestions.org/Korean/Korean-bible-authors.html
https://www.gotquestions.org/Korean/Korean-Q-Bible.html,"성경이 변질, 변경, 편집, 수정, 변조된 적이 있습니까?",https://www.gotquestions.org/Korean/Korean-bible-corrupted.html
https://www.gotquestions.org/Korean/Korean-Q-Bible.html,구원을 받기 위하여 성경의 무오성을 믿어야 합니까?,https://www.gotquestions.org/Korean/Korean-bible-inerrant-saved.html
https://www.gotquestions.org/Korean/Korean-Q-Bible.html,성경의 무오성(오류가 없다는 것)을 믿는 것이 왜 중요한가?,https://www.gotquestions.org/Korean/Korean-biblical-inerrancy.html
https://www.gotquestions.org/Korean/Korean-Q-Bible.html,성경에 새로운 책이 더 추가될 수 있는 가능성이 있습니까?,https://www.gotquestions.org/Korean/Korean-books-added-bible.html
https://www.gotquestions.org/Korean/Korean-Q-Bible.html,정경이란 무엇인가?,https://www.gotquestions.org/Korean/Korean-canon-of-scripture.html
https://www.gotquestions.org/Korean/Korean-Q-Bible.html,구약 성경과 신약 성경의 차이점은 무엇인가?,https://www.gotquestions.org/Korean/Korean-difference-old-new-testaments.html
https://www.gotquestions.org/Korean/Korean-Q-Bible.html,하나님께서 사복음서를 주신 이유는 무엇인가?,https://www.gotquestions.org/Korean/Korean-four-gospels.html
https://www.gotquestions.org/Korean/Korean-Q-Bible.html,잃어버린 성경의 책들이란 무엇인가?,https://www.gotquestions.org/Korean/Korean-lost-books-bible.html
https://www.gotquestions.org/Korean/Korean-Q-Bible.html,구약 성경을 공부하는 이유는 무엇인가?,https://www.gotquestions.org/Korean/Korean-old-testament.html
https://www.gotquestions.org/Korean/Korean-Q-Bible.html,성경은 어디서부터 읽어야 좋을까요?,https://www.gotquestions.org/Korean/Korean-start-reading-bible.html
https://www.gotquestions.org/Korean/Korean-Q-Bible.html,성경은 무엇인가? 성경이 하나님의 말씀이라는 사실을 어떻게 알 수 있는가?,https://www.gotquestions.org/Korean/Korean-what-is-the-bible.html
https://www.gotquestions.org/Korean/Korean-Q-Bible.html,성경의 어떤 부분이 오늘날 우리에게도 적용되는지 어떻게 알 수 있나요?,https://www.gotquestions.org/Korean/Korean-Bible-apply-today.html
https://www.gotquestions.org/Korean/Korean-Q-Bible.html,성경 이해하기는 왜 중요한가요?,https://www.gotquestions.org/Korean/Korean-understanding-the-Bible.html
https://www.gotquestions.org/Korean/Korean-Q-Bible.html,성경 이해는 것은 왜 그렇게 어렵나요?,https://www.gotquestions.org/Korean/Korean-understand-the-Bible.html
https://www.gotquestions.org/Korean/Korean-Q-Bible.html,성경의 충족성에 관한 교리는 무엇인가요? 성경이 충족한다는 것은 무슨 의미인가요?,https://www.gotquestions.org/Korean/Korean-sufficiency-of-Scripture.html
https://www.gotquestions.org/Korean/Korean-Q-Bible.html,성경이 영감을 받았다는 증거가 있나요?,https://www.gotquestions.org/Korean/Korean-proof-inspiration-Bible.html
https://www.gotquestions.org/Korean/Korean-Q-Bible.html,깨달음에 대한 성경적 교리는 무엇인가요?,https://www.gotquestions.org/Korean/Korean-biblical-illumination.html
https://www.gotquestions.org/Korean/Korean-Q-Bible.html,성령의 검이란 무엇인가요?,https://www.gotquestions.org/Korean/Korean-sword-of-the-Spirit.html
https://www.gotquestions.org/Korean/Korean-Q-Bible.html,성경이 생기기 전에 사람들은 어떻게 하나님에 대해서 알았나요?,https://www.gotquestions.org/Korean/Korean-know-God-before-Bible.html
https://www.gotquestions.org/Korean/Korean-Q-Bible.html,"성경이 성경에 포함시켜야 하는 책을 명시하지 않았는데, 어떻게 우리가 성경에 속하는 책들을 결정할 수 있나요?",https://www.gotquestions.org/Korean/Korean-canonicity-scriptural.html
https://www.gotquestions.org/Korean/Korean-Q-Bible.html,말씀 보존 교리는 성경적인가요?,https://www.gotquestions.org/Korean/Korean-preservation-Bible.html
https://www.gotquestions.org/Korean/Korean-Q-Bible.html,성경의 무오성은 원본에만 적용되나요?,https://www.gotquestions.org/Korean/Korean-Bible-inerrancy.html
https://www.gotquestions.org/Korean/Korean-Q-Bible.html,우리는 성경을 문자 그대로 해석할 수 있나요/해석해야만 하나요?,https://www.gotquestions.org/Korean/Korean-Bible-literal.html
https://www.gotquestions.org/Korean/Korean-Q-Bible.html,성경 속에 나온 기적들을 문자 그대로 받아들여야 하나요?,https://www.gotquestions.org/Korean/Korean-miracles-literal.html
https://www.gotquestions.org/Korean/Korean-Q-Bible.html,왜 맥락을 고려하며 성경을 연구하는 것은 중요한가요? 맥락과 상관 없이 성경 구절을 이해하는 것은 왜 잘못인가요?,https://www.gotquestions.org/Korean/Korean-context-Bible.html
https://www.gotquestions.org/Korean/Korean-Q-Bible.html,성경의 가르침과 관련하여 왜 그렇게 많은 혼동이 일어나나요?,https://www.gotquestions.org/Korean/Korean-Bible-confusion.html
https://www.gotquestions.org/Korean/Korean-Q-Bible.html,복음의 조화란 무엇인가요?,https://www.gotquestions.org/Korean/Korean-harmony-Gospels.html
https://www.gotquestions.org/Korean/Korean-Q-Bible.html,팔복이란 무엇인가요?,https://www.gotquestions.org/Korean/Korean-beatitudes.html
https://www.gotquestions.org/Korean/Korean-Q-Bible.html,사도 바울의 저서는 영감을 받은 것인가요 (고린도전서 7:12 참조)?,https://www.gotquestions.org/Korean/Korean-apostle-Paul-writings.html
https://www.gotquestions.org/Korean/Korean-Q-Bible.html,"요한계시록 22:18-19의 경고는 성경 전체에 적용되나요, 아니면 오직 요한계시록에만 적용되는 것인가요?",https://www.gotquestions.org/Korean/Korean-Revelation-22-18-19.html
https://www.gotquestions.org/Korean/Korean-Q-Bible.html,"우리는 어떻게 성경은 하나님의 말씀이며, 외경, 코란, 몰몬경은 하나님의 말씀이 아니라는 것을 알 수 있나요?",https://www.gotquestions.org/Korean/Korean-which-book.html
https://www.gotquestions.org/Korean/Korean-Q-Bible.html,성경을 왜 거룩한 성경이라고 하나요?,https://www.gotquestions.org/Korean/Korean-Holy-Bible.html
https://www.gotquestions.org/Korean/Korean-Q-Bible.html,성경의 다른 이름들과 명칭들은 무엇인가요?,https://www.gotquestions.org/Korean/Korean-names-titles-Bible.html
https://www.gotquestions.org/Korean/Korean-Q-Bible.html,모세오경이란 무엇인가요?,https://www.gotquestions.org/Korean/Korean-Pentateuch.html
https://www.gotquestions.org/Korean/Korean-Q-Bible.html,성경 수비학이란 무엇인가요?,https://www.gotquestions.org/Korean/Korean-biblical-numerology.html
https://www.gotquestions.org/Korean/Korean-Q-Bible.html,내 삶에 성경을 적용할 수 있는 비결은 무엇일까요?,https://www.gotquestions.org/Korean/Korean-applying-the-Bible.html
https://www.gotquestions.org/Korean/Korean-Q-Bible.html,성경에는 우화가 포함되어 있습니까?,https://www.gotquestions.org/Korean/Korean-Bible-allegory.html
https://www.gotquestions.org/Korean/Korean-Q-Bible.html,성경이 무오하다는 것은 어떤 의미입니까? 성경적인 무오성이란 무엇입니까?,https://www.gotquestions.org/Korean/Korean-Bible-infallible.html
https://www.gotquestions.org/Korean/Korean-Q-Bible.html,성경이 사회에 얼마나 큰 영향을 주어야 합니까?,https://www.gotquestions.org/Korean/Korean-Bible-influence.html
https://www.gotquestions.org/Korean/Korean-Q-Bible.html,성경을 암송하는 것이 왜 중요할까요?,https://www.gotquestions.org/Korean/Korean-Bible-memorization.html
https://www.gotquestions.org/Korean/Korean-Q-Bible.html,성경이 단순한 신화가 아니라는 사실을 어떻게 알 수 있을까요?,https://www.gotquestions.org/Korean/Korean-Bible-mythology.html
https://www.gotquestions.org/Korean/Korean-Q-Bible.html,성경은 신뢰할 수 있는 것입니까?,https://www.gotquestions.org/Korean/Korean-Bible-reliable.html
https://www.gotquestions.org/Korean/Korean-Q-Bible.html,성경의 기본적인 연대기를 알 수 있을까요?,https://www.gotquestions.org/Korean/Korean-Bible-timeline.html
https://www.gotquestions.org/Korean/Korean-Q-Bible.html,성경 해석학이란 어떤 것입니까?,https://www.gotquestions.org/Korean/Korean-Biblical-hermeneutics.html
https://www.gotquestions.org/Korean/Korean-Q-Bible.html,성경은 어떤 문학적 형태를 사용하고 있습니까?,https://www.gotquestions.org/Korean/Korean-biblical-literature.html
https://www.gotquestions.org/Korean/Korean-Q-Bible.html,성경적 예표론이란 무엇입니까?,https://www.gotquestions.org/Korean/Korean-typology-Biblical.html
https://www.gotquestions.org/Korean/Korean-Q-Bible.html,성경은 어떻게 구성되어 있습니까? 성경이 서로 다른 책으로 구성되어 있다는 것이 무슨 의미입니까?,https://www.gotquestions.org/Korean/Korean-books-of-the-Bible.html
https://www.gotquestions.org/Korean/Korean-Q-Bible.html,사해 사본이란 무엇이며 왜 사해 사본이 중요합니까?,https://www.gotquestions.org/Korean/Korean-dead-sea-scrolls.html
https://www.gotquestions.org/Korean/Korean-Q-Bible.html,성경은 동화입니까?,https://www.gotquestions.org/Korean/Korean-Bible-fairy-tale.html
https://www.gotquestions.org/Korean/Korean-Q-Bible.html,영지주의 복음서란 무엇입니까?,https://www.gotquestions.org/Korean/Korean-Gnostic-gospels.html
https://www.gotquestions.org/Korean/Korean-Q-Bible.html,성경이 하나님의 감동으로 되었다는 것은 어떤 의미입니까?,https://www.gotquestions.org/Korean/Korean-God-breathed.html
https://www.gotquestions.org/Korean/Korean-Q-Bible.html,성경의 영감론에는 어떤 이론들이 있습니까?,https://www.gotquestions.org/Korean/Korean-inspiration-theories.html
https://www.gotquestions.org/Korean/Korean-Q-Bible.html,성경 원본이 아직도 존재합니까?,https://www.gotquestions.org/Korean/Korean-original-Bible.html
https://www.gotquestions.org/Korean/Korean-Q-Bible.html,성경에서 가장 유명하거나 중요한 질문은 무엇입니까?,https://www.gotquestions.org/Korean/Korean-questions-in-the-Bible.html
https://www.gotquestions.org/Korean/Korean-Q-Bible.html,신약의 전체적인 줄거리는 무엇입니까?,https://www.gotquestions.org/Korean/Korean-story-New-Testament.html
https://www.gotquestions.org/Korean/Korean-Q-Bible.html,구약의 전체적인 줄거리는 무엇입니까?,https://www.gotquestions.org/Korean/Korean-story-Old-Testament.html
https://www.gotquestions.org/Korean/Korean-Q-Bible.html,본문 비평은 무엇입니까?,https://www.gotquestions.org/Korean/Korean-textual-criticism.html
https://www.gotquestions.org/Korean/Korean-Q-Bible.html,"성경 번역의 과정이 성경의 영감, 무오성, 무류성에 어떤 영향을 미칠까요?",https://www.gotquestions.org/Korean/Korean-translation-inspiration.html
https://www.gotquestions.org/Korean/Korean-Q-Bible.html,왜 성경을 믿어야 합니까?,https://www.gotquestions.org/Korean/Korean-why-should-I-believe-the-Bible.html
